fold,model,wape,bias,mae
0,seasonal_naive,0.1919982528321028,-0.0005001972608916193,40.555059523809526
0,ridge,0.10185169099228196,-0.015503208728690628,21.513744681857844
0,hist_gradient_boosting,0.09536891510790843,-0.0065855125816017615,20.144412628090706
1,seasonal_naive,0.18774121289512544,0.017271021636930454,39.16220238095238
1,ridge,0.105257942751854,0.0013892985827190876,21.956462263581308
1,hist_gradient_boosting,0.10199738943707717,0.0002632562402858048,21.276321516549356
2,seasonal_naive,0.18026118604153285,-0.009277099835866696,37.589285714285715
2,ridge,0.11778849831404925,-0.004789414491281281,24.562056947541254
2,hist_gradient_boosting,0.09642310317048561,-0.008850352581931951,20.106799772738317
3,seasonal_naive,0.21808948863636363,0.011427556818181818,45.694940476190474
3,ridge,0.12539653751261887,0.014272332604028286,26.27356024073919
3,hist_gradient_boosting,0.10595673631850475,-0.007410847887357877,22.2004590381629
