feature,mae_increase_when_shuffled,std
roll_mean_28,30.3308540243119,1.9085667025151898
lag_7,19.645424140153438,1.7702757927571087
lag_21,16.99607605454716,1.2674740720960407
lag_14,15.33062606449324,1.4373446182805183
lag_28,14.041718144826243,1.5049301648313385
roll_mean_7,8.013489267877738,0.963838150666846
promo,7.74925740328367,0.4768521596854747
days_to_holiday,7.690974208767105,0.8333519770485796
dow,4.2584611173787055,0.7762519492624725
store,2.2761939334306134,0.2761841078020707
price,1.491811398491062,0.15865365311708876
dept,0.4143977643275477,0.10543399725614061
roll_std_28,0.16350225612260658,0.12024920303813284
doy_sin,0.009268179248266506,0.02229592788454915
doy_cos,0.0002755347095501293,0.012268203455979091
trend_idx,0.0,0.0
