date,events,sessions,handoff_rate,refusal_rate,clarify_rate,latency_ms_p95,thumbs_down_share
2026-09-04,279,116,0.035842293906810034,0.13261648745519714,0.3154121863799283,61.7088,0.4878048780487805
2026-09-05,521,219,0.046065259117082535,0.08829174664107485,0.31285988483685223,70.25,0.5375
2026-09-06,484,200,0.049586776859504134,0.11983471074380166,0.2603305785123967,64.4935,0.4943820224719101
2026-09-07,478,211,0.05439330543933055,0.10251046025104603,0.303347280334728,64.00049999999997,0.5303030303030303
2026-09-08,511,224,0.04892367906066536,0.10763209393346379,0.2622309197651663,70.8755,0.5526315789473685
2026-09-09,545,224,0.06422018348623854,0.11743119266055047,0.30458715596330277,67.59419999999999,0.48863636363636365
2026-09-10,492,213,0.056910569105691054,0.10365853658536585,0.2703252032520325,62.29614999999999,0.4931506849315068
2026-09-11,494,211,0.05465587044534413,0.12550607287449392,0.2732793522267207,79.0692,0.582089552238806
2026-09-12,500,211,0.074,0.13,0.286,64.82209999999995,0.4507042253521127
2026-09-13,539,227,0.03153988868274583,0.10760667903525047,0.2634508348794063,67.4815,0.5301204819277109
2026-09-14,489,196,0.06134969325153374,0.09406952965235174,0.28016359918200406,65.64359999999995,0.44047619047619047
2026-09-15,541,232,0.04990757855822551,0.12754158964879853,0.3068391866913124,66.958,0.547945205479452
2026-09-16,520,217,0.046153846153846156,0.14615384615384616,0.2903846153846154,62.76214999999993,0.5466666666666666
2026-09-17,518,216,0.03861003861003861,0.09845559845559845,0.3301158301158301,66.87219999999999,0.4523809523809524
2026-09-18,526,216,0.053231939163498096,0.09695817490494296,0.2984790874524715,67.7115,0.5609756097560976
2026-09-19,497,222,0.05432595573440644,0.096579476861167,0.24748490945674045,73.8454,0.5
2026-09-20,508,207,0.047244094488188976,0.12401574803149606,0.265748031496063,69.30059999999999,0.463768115942029
2026-09-21,516,213,0.04844961240310078,0.1182170542635659,0.27325581395348836,70.9915,0.5581395348837209
2026-09-22,540,220,0.053703703703703705,0.1259259259259259,0.2777777777777778,72.36514999999999,0.47560975609756095
2026-09-23,470,205,0.06595744680851064,0.1425531914893617,0.274468085106383,68.38459999999992,0.47761194029850745
2026-09-24,512,218,0.052734375,0.115234375,0.294921875,60.484199999999994,0.5362318840579711
2026-09-25,503,211,0.04771371769383698,0.12127236580516898,0.31809145129224653,65.58199999999998,0.4594594594594595
2026-09-26,570,230,0.06140350877192982,0.12105263157894737,0.2754385964912281,65.81564999999998,0.5789473684210527
2026-09-27,506,208,0.1383399209486166,0.09288537549407115,0.2964426877470356,66.16225,0.53125
2026-09-28,496,209,0.15725806451612903,0.0907258064516129,0.28024193548387094,74.00025,0.5
2026-09-29,488,214,0.1598360655737705,0.09836065573770492,0.2520491803278688,75.84994999999998,0.4375
2026-09-30,529,227,0.18147448015122875,0.07561436672967864,0.2722117202268431,72.52959999999999,0.5
2026-10-01,455,196,0.16923076923076924,0.0945054945054945,0.27912087912087913,69.41459999999998,0.5
2026-10-02,483,210,0.15113871635610765,0.09523809523809523,0.28778467908902694,71.06429999999999,0.5428571428571428
2026-10-03,524,230,0.15076335877862596,0.11259541984732824,0.27099236641221375,70.43574999999998,0.46987951807228917
2026-10-04,269,112,0.16728624535315986,0.07806691449814127,0.275092936802974,68.7926,0.41935483870967744
